0.wav|Aṅgas, Magadhans, Kasis, Kosalans, Vajjians, Mallans, Cetis, Vaṁsās,
1.wav|Kurus, Pañcālas, Macchas, Surasenas, Assakas, Avantis, Gandhārans, & Kambojans.
2.wav|Pūraṇa Kassapa, Makkhali Gosāla, Ajita Kesakambalin, Pakudha Kaccāyana, Sañjaya Velaṭṭhaputta, & Nigaṇṭha Nāṭaputta are well-regarded.
3.wav|the sages of the past—Aṭṭhaka, Vāmaka, Vāmadeva, Vessāmitta, Yamadaggi, Aṇgīrasa, Bhāradvāja, Vāseṭṭha, Kassapa, & Bhagu—
4.wav|I have heard that on one occasion the Blessed One was staying near Sāvatthī in Jeta's Grove, Anāthapiṇḍika's monastery.
5.wav|Now on that occasion Pukkusa Mallaputta, a disciple of Āḷāra Kālāma was traveling on the road from Kusinārā to Pāvā.
6.wav|Then Dīgha Tapassin the Nigaṇṭha, after going for alms in Nālandā and returning from his almsround, after his meal went to Pāvarika's mango grove.
7.wav|There are other great cities: Campā, Rājagaha, Sāvatthī, Sāketa, Kosambī, Bārāṇasī. May the Blessed One totally unbind there.
8.wav|the great ocean is the abode of such mighty beings as these: whales, whale-eaters, & whale-eater-eaters; asuras, nāgas, & gandhabbas.
9.wav|this world with its devas, Māras, & Brahmās, this generation with its contemplatives & brahmans, its rulers & commonfolk;
10.wav|'Ānanda, if Mahāpajāpati Gotamī accepts eight rules of respect [garu-dhamma], that will be her Acceptance [as a nun].
11.wav|The Kālāmas of Kesaputta heard it said, 'Gotama the contemplative—the son of the Sakyans, having gone forth from the Sakyan clan—
12.wav|Caṅkī the brahman, Tārukkha the brahman, Pokkharasāti the brahman, Jānusoṇin the brahman, Todeyya the brahman were dwelling in Icchānaṅgala.
13.wav|Then King Ajātasattu of Magadha, the son of Queen Videha, raising a fourfold army, marched toward Kāsi against King Pasenadi Kosala.
14.wav|Upaka the Ājīvaka saw me on the road between Gayā and the (place of) Awakening, and on seeing me said to me, 'Clear, my friend, are your faculties.
15.wav|Venerable Anuruddha, Venerable Nandiya, & Venerable Kimbila were staying in the Gosiṅga [Cattle-horn] Sāla-tree Forest Park.
16.wav|Where is Mahā Moggallāna? Where is Mahā Kassapa? Where is Mahā Kaccāna? Where is Mahā Koṭṭhita? Where is Mahā Cunda? Where is Mahā Kappina?
17.wav|Veḷukaṇṭakin Nandamātar, has established a donation endowed with six factors for the Saṅgha of monks headed by Sāriputta & Moggallāna.
18.wav|And what is the uposatha of the Jains? There are the contemplatives called the Nigaṇṭhas [Jains].
19.wav|Even I myself, before my self-awakening, when I was still an unawakened bodhisatta, thought: 'Renunciation is good. Seclusion is good.'
20.wav|This Uddaka Rāmaputta is wise, competent, intelligent. He has long had little dust in his eyes. What if I were to teach him the Dhamma first?
21.wav|Now, on that occasion, Sunīdha & Vassakāra, the chief ministers of Magadha, were building a city at Pāṭali Village to preempt the Vajjians.
22.wav|Now, on that occasion the Nigaṇṭha Nāṭaputta was sitting with a large lay following from Bālaka headed by Upāli.
23.wav|Then Venerable Dāsaka went to the elder monks and, on arrival, said to them, 'The monk Khemaka has said to me, 'I am not getting better, my friend.
24.wav|There are, for example, Nanda Vaccha, Kisa Saṅkicca, and Makkhali Gosāla. They are cloth-less ascetics, rejecting conventions, licking their hands,
25.wav|'So Kālī the slave got up after daybreak. Then Lady Vedehikā said to her: 'Hey, Kālī!' 'What, madam?' 'Why did you get up after daybreak?'
26.wav|Subrahmā and Paramatta Brahmā, together with sons of the Powerful One, Sanaṅkumāra and Tissa: They too have come to the forest meeting.
27.wav|Brahmā, you don't know the body named Subhakiṇhā [Beautiful Black]… the body named Vehapphalā [Sky-fruit], {the body named Abhibhū [Conqueror]},
28.wav|'Your majesty, Queen Mallikā has died.' When this was said, King Pasenadi Kosala sat there miserable, sick at heart, his shoulders drooping,
29.wav|He attains—whenever he wants, without strain, without difficulty—the four jhānas that are heightened mental states, pleasant abidings in the here & now.
30.wav|Ānanda, this is the Tathāgata's last look at Vesālī. Come, Ānanda, we will head for Bhaṇḍa Village.
31.wav|the Blessed One was staying at Rājagaha, in Jīvaka Komārabhacca's mango grove, with a large Saṅgha of monks.
32.wav|The brahman Sundarika Bhāradvāja (thinking,) 'This venerable one is shaven. This venerable one is a shaveling,
33.wav|Venerable Sabhiya Kaccāna was staying at Ñātika. Then Vacchagotta the wanderer went to him and, on arrival, exchanged courteous greetings with him.
34.wav|explanations, verses, spontaneous exclamations [udāna], quotations [itivuttaka], birth stories [jātaka],
35.wav|THERAGĀTHĀ 16:8  AṄGULIMĀLA. Aṅgulimāla: 'While walking, contemplative, you say, 'I have stopped.' But when I have stopped you say that I haven't.
36.wav|THERĪGĀTHĀ 13:1  AMBAPĀLĪ. Black was my hair —the color of bees— & curled at the tips; with age, it looked like coarse hemp.
37.wav|for instead, I should be asked, 'Who lives in greater pleasure: King Seniya Bimbisāra of Magadha or master Gotama?'
38.wav|As he was sitting there he said to the Blessed One, 'Lord, Sunakkhatta the Licchavi has recently left this Dhamma & Vinaya.
39.wav|'Monks, conquered by three forms of false Dhamma–his mind overwhelmed–Devadatta is incurably doomed to deprivation, to hell, for an eon.
40.wav|These ten dhammas—true, genuine, real, not unreal, not otherwise—have been rightly awakened to by the Tathāgata.
41.wav|'Past Buddhas, future Buddhas, & he who is the Buddha now, removing the sorrow of many— all have dwelt, will dwell, he dwells, revering the true Dhamma.
42.wav|Venerable Bhaddiya, Kāḷigodhā's son, on going to the wilderness, to the root of a tree, would repeatedly exclaim, 'What bliss! What bliss!'
43.wav|The Licchavis of Vesālī heard, 'The Blessed One, they say, has totally unbound in Kusinārā.
44.wav|'One time, Ānanda, I was staying in Uruvelā on the bank of the Nerañjarā River at the Goat-herd Banyan, newly awakened.
45.wav|'Friend Uddaka, is this the extent to which Rāma entered & dwelled in this Dhamma, having realized it for himself through direct knowledge?'
46.wav|AMAZING & ASTOUNDING QUALITIES. ACCHARIY'ABBHŪTADHAMMA SUTTA  MAJJHIMA NIKĀYA 123
47.wav|On one occasion Venerable Sāriputta and Venerable Mahā Koṭṭhita were staying near Vārāṇasī in the Deer Park at Isipatana.
48.wav|The effluents by which—if they were not abandoned—I would be a gandhabba… a yakkha… a human being: Those are abandoned by me,
49.wav|'What do you think, Assalāyana? Have you heard that in Yona & Kamboja and other outlying countries there are only two castes—masters & slaves—
50.wav|Lord, the monk named Puṇṇa Mantāṇiputta [Mantāṇi's son] is esteemed by the native-land monks
51.wav|Saccaka the Nigaṇṭha-son, walking & wandering around Vesālī to exercise his legs, saw Venerable Assaji coming from afar.
52.wav|'Uttiya, I haven't declared that 'After death a Tathāgata neither does nor does not exist: Only this is true; anything otherwise is worthless.'
53.wav|[The Buddha:] 'Poṭṭhapāda, all those wanderers are blind and have no eyes. You alone among them have eyes.
54.wav|Then a certain devatā, in the far extreme of the night, her extreme radiance lighting up the entire Tapodā Hot Springs, went to Venerable Samiddhi.
55.wav|SUTTA NIPĀTA 5. : THE TO-THE-FAR-SHORE CHAPTER  (PĀRĀYANA VAGGA).
56.wav|'Udāyin, it's on seeing an elephant blessed with a large, massive body that that people say, 'A nāga! What a nāga!'
57.wav|'Which two dhammas? • 'Name & form. • 'Ignorance & craving for becoming. • 'Shame & compunction.
58.wav|Then Vepacitti the asura-king said to Sakka the deva-king: 'Let there be victory through what is well spoken.'
59.wav|Then Venerable Sāriputta, having gone for alms in Rājagaha, after his meal, on his way back from his almsround, went to Dhanañjānin the brahman.
60.wav|And at that time the lay follower Soṇa Koṭikaṇṇa was Venerable Mahā Kaccāna's supporter.
61.wav|the Blessed One was staying near Āḷavī by a cattle track in a siṁsapā forest where Hatthaka of Āḷavī, was out roaming & rambling for exercise,
62.wav|The devas & Tathāgatas see the fool who goes about off-pitch in the cosmos.
63.wav|TO SIRIVAḌḌHA. SIRIVAḌḌHA SUTTA  SAṀYUTTA NIKĀYA 47:29
64.wav|Visākhā, Migāra's mother, went to the Blessed One in the middle of the day and, on arrival, having bowed down to him, sat to one side.
65.wav|Master Caṅkī is handsome, inspiring to look at, endowed with the foremost beauty of complexion, with a Brahmā's complexion, a Brahmā's presence,
66.wav|THE LISTENER. SOTAR SUTTA  AṄGUTTARA NIKĀYA 5:140
67.wav|'Tonight, Vāsiṭṭhas, in the last watch of the night, the total unbinding of the Tathāgata will occur. Come out, Vāsiṭṭhas! Come out, Vāsiṭṭhas!
68.wav|Responding, 'As you say, sir,' to the brahman Lohicca, Rosika the barber went to the Blessed One and, on arrival, bowing down to him, stood to one side.
69.wav|He is wise, Venerable Citta Hatthisārīputta. He is capable of discussing higher Dhamma with the elder monks.
70.wav|'So you really know, Kondañña? So you really know?' And that is how Venerable Kondañña acquired the name Añña-Kondañña–Kondañña who knows.
71.wav|[The Buddha:] 'But what is his property, Ugga? What are his great treasures & great resources?'
73.wav|So Venerable Ānanda said to Subhadda the wanderer, 'Go ahead, friend Subhadda. The Blessed One gives you his leave.'
74.wav|Venerable Raṭṭhapāla's former wives said to him, 'What are they like, dear master-son: those nymphs for whose sake you lead the holy life?'
75.wav|Now on that occasion this evil viewpoint [diṭṭhigata] had arisen in the monk Ariṭṭha Formerly-of-the-Vulture-Killers:
76.wav|'Last night, monks, a certain devatā in the far extreme of the night, her extreme radiance lighting up the entirety of Jeta's Grove,
77.wav|I enter & remain in the second jhāna: rapture & pleasure born of concentration, unification of awareness free from directed thought & evaluation,
78.wav|Now, at that time this evil viewpoint [diṭṭhigata] had arisen to Venerable Yamaka:
79.wav|So Venerable Ānanda, taking Mahānāma the Sakyan by the arm, led him to one side and said to him,
80.wav|Now, Kassapa the Blessed One, worthy & rightly self-awakened, had a lay follower named Gavesin who didn't practice in full in terms of his virtue.
81.wav|On one occasion Venerable Ānanda was staying in Kosambī at Ghosita's monastery.
82.wav|When this was said, Timbarukkha the wanderer said to the Blessed One: 'Magnificent, Master Gotama! Magnificent!
83.wav|Whoever, though not an arahant, claims to be an arahant: He is the thief in this world with its Brahmās.
84.wav|'The words of Gotama the contemplative—so mighty, so powerful—were refuted by Prince Abhaya!'
85.wav|the brahman Udaya, having filled the Blessed One's bowl with rice, said to him, 'This pesky Gotama contemplative keeps coming again & again.'
86.wav|'Endowed with these six qualities, a monk is capable of attaining arahantship, the foremost state.'
87.wav|in the same way, Pahārāda, my disciples do not—even for the sake of their lives—overstep the training rules I have formulated for them.…
88.wav|'Pay attention, Aggivessana, and answer (only) after having paid attention!
89.wav|When this was said, Māgandiya the wanderer rubbed his own limbs with his hand. 'This is that freedom from disease, Master Gotama,' he said.
90.wav|I have heard that on one occasion the Blessed One was staying among the Sakyans at Kapilavatthu in the Banyan Park.
91.wav|'This is peace, this is exquisite—the pacification of all fabrications; the relinquishing of all acquisitions; the ending of craving; dispassion; cessation; unbinding.
92.wav|'Lord, that is not (to be answered) with a categorical answer.' 'In that case, Ānanda, give an analytical answer.'
93.wav|He doesn't, with his discernment, discern [the Dhamma's] higher meaning or goal.
94.wav|having adjusted his under robe and carrying his bowl and outer robe, went to the home of the householder, Nakula's father.
95.wav|Without approval or scorn, take careful note of his words and make them stand against the suttas and tally them against the Vinaya.
96.wav|Then in the early morning, Venerable Meghiya adjusted his under robe and–carrying his bowl & robes–went into Jantu Village for alms.
97.wav|on one occasion the Blessed One was staying at Āḷavī in the haunt of the Āḷavaka yakkha.
98.wav|Then Visākha the lay follower went to Dhammadinnā the nun and, on arrival, having bowed down to her, sat to one side.
99.wav|the householder Nakulapitar delighted in Venerable Sāriputta's words.
100.wav|THE PURIFICATION OF ALMSFOOD. PIṆḌAPĀTAPĀRISUDDHI SUTTA  MAJJHIMA NIKĀYA 151
101.wav|Then Bāhiya, deeply chastened by the devatā, left Suppāraka right then and, in the space of one night, went all the way to where the Blessed One was,
102.wav|this was said by the Blessed One in Māgaṇḍiya's Questions in the Aṭṭhaka Vagga:
103.wav|'Kevaṭṭa, I don't teach the monks in this way: 'Come, monks, display a miracle of psychic power to the lay people clad in white.'
104.wav|As they were sitting there, Venerable Nandaka said to them: 'This will be a question-response talk, sisters.'
105.wav|How immersed in ignorance is Baka Brahmā! — in that what is actually inconstant he calls 'constant.'
106.wav|'But, Anuruddhas, how do you remain heedful, ardent, & resolute?'
107.wav|Now at that time a clansman named Raṭṭhapāla, the son of the leading clan in that same Thullakoṭṭhita, was sitting in that assembly.
108.wav|I practiced in tune, attaining the foremost goal. The three knowledges are attained. The Buddha's bidding, done.
109.wav|So the wandering sectarians, addressing Venerable Anurādha as they would a newcomer or a fool, got up from their seats and left.
110.wav|'Suppavāsā the Koliyan-daughter, lord, shows reverence with her head to your feet.'
111.wav|'What do you think, Sīha? Whom would arahants, when visiting, first visit…?'
112.wav|'Lord, the monk named Sāḷha has died in Nādikā. What is his destination, what his future state?
113.wav|After reciting these verses while standing, Venerable Raṭṭhapāla went to King Koravya's Migācīra.
114.wav|When this was said, Venerable Moḷiya Phagguna said to the Blessed One, 'Lord, who feeds on the consciousness-nutriment?'
115.wav|DHAMMAPADA 1 : PAIRS. Phenomena are preceded by the heart, ruled by the heart, made of the heart.
116.wav|Thus at the Pāvāla shrine—mindful & alert—the Blessed One relinquished the fabrications of life.
117.wav|Venerable Sāriputta saw Venerable Rāhula sitting at the foot of a tree, his legs folded crosswise, his body held erect,
118.wav|Venerable Cūḷa Panthaka was sitting not far from the Blessed One, his legs crossed, his body held erect, with mindfulness established to the fore.
119.wav|Then Jambukhādaka the wanderer went to Venerable Sāriputta and, on arrival, exchanged courteous greetings with him.
120.wav|in the same way, clear are Master Gotama's faculties, pure his complexion, & bright!
121.wav|Then Keṇiya the coiled-hair ascetic, understanding the Blessed One's acquiescence, got up from his seat and returned to his own ashram.
122.wav|By means of this factor I emulate the arahants, and my uposatha will be observed.
123.wav|'Then, Dīghāvu, established in these four factors of stream-entry, you should develop these six qualities siding with clear knowing:
124.wav|'It's time, venerable sirs. The meal is ready at Lady Nandamātar's home.'
125.wav|'Thus kamma is the field, consciousness the seed, and craving the moisture.
126.wav|Then Pañcakaṅga went to Uggāhamāna and, on arrival, greeted him courteously.
127.wav|Bound to Māra's yoke, from the yoke they find no rest.
128.wav|There he stayed near Opāsāda in the deva forest, the sāla forest to the north of the village.
129.wav|Then Venerable Mahaka willed a psychic feat such that a cool wind blew, a thundering cloud developed, and the rain fell in scattered drops.
130.wav|'And how, Māluṅkyaputta, do you remember the five lower fetters as taught by me?'
131.wav|'For a monk whose mind is thus rightly released, Vappa, six continual dwellings have been attained.
132.wav|'Which five has he abandoned? He has abandoned sensual desire… ill will… sloth & drowsiness… restlessness & anxiety… uncertainty.
133.wav|'Drunk with the intoxication of youth, an uninstructed, run-of-the-mill person engages in bodily misconduct, verbal misconduct, & mental misconduct.
134.wav|He who, in this Dhamma & Vinaya, remains heedful, leaving the wandering-on through birth, will make an end of stress.
135.wav|(a) 'One percipient of form internally sees forms externally as limited, beautiful & ugly.
136.wav|He dwells restrained in accordance with the Pāṭimokkha, consummate in his behavior & sphere of activity.
137.wav|'This has been said by Pañcālacaṇḍa the deva's son:
138.wav|Then King Yama says, 'My good man, didn't you see among human beings a tender baby boy lying prone in its own urine & excrement?'
139.wav|I go to the Buddha for refuge, to the Dhamma, & to the Saṅgha of monks.
140.wav|'The asuras take great joy in the great ocean, lord.'
141.wav|'What do you think, Upāḷi? Isn't this dwelling more excellent than the earlier dwellings, and more refined?'
142.wav|Vaḍḍha: With what a vast goad my mother poked me— because of her sympathy— verses connected to the ultimate goal.
143.wav|'May I have nothing to do with honor, Nāgita, and honor nothing to do with me.
144.wav|simultaneously with the total unbinding, Sahampati Brahmā uttered this verse:
145.wav|The devatās, friends, are complaining.
146.wav|Now on that occasion Sela the brahman was staying at Āpaṇa.
147.wav|And at that time the lay follower Soṇa Koṭikaṇṇa
148.wav|Bāvarī was exultant. His grief subsided, and he gained abundant rapture.
149.wav|What do you think, Susima?
150.wav|Then Nakula's mother [Nakulamatar] said to him: 'Don't be worried as you die, householder. Death is painful for one who is worried.
151.wav|'This is stress' … 'This is the origination of stress' … 'This is the cessation of stress' … 'This is the path of practice leading to the cessation of stress':
152.wav|the four types (of noble disciples) when taken as pairs, the eight when taken as individual types—they are the Saṅgha of the Blessed One's disciples:
153.wav|But there comes a time when his mind grows steady inwardly, settles down, grows unified & concentrated.
154.wav|Thoughts of sensuality, thoughts of ill will, thoughts of harmfulness; perceptions of sensuality, perceptions of ill will, perceptions of harmfulness.
155.wav|a disciple of the noble ones discerns feeling in this way, the cause by which feeling comes into play in this way, the diversity in feeling in this way,
156.wav|Friends, passion carries little blame and is slow to fade. Aversion carries great blame and is quick to fade. Delusion carries great blame and is slow to fade.
157.wav|'All phenomena have contact as their origination.
158.wav|From craving as a requisite condition comes clinging or sustenance.
159.wav|There is the case where a monk keeps his persistence aroused for abandoning unskillful mental qualities and taking on skillful mental qualities.
160.wav|'There are these five strings of sensuality: forms cognizable via the eye—agreeable, pleasing, charming, endearing, enticing, linked to sensual desire;
161.wav|[Similarly with the dimension of the infinitude of consciousness and the dimension of nothingness.]
162.wav|Well-Gone, an expert with regard to the cosmos, unexcelled trainer of people fit to be tamed, teacher of devas & human beings, awakened, blessed.
163.wav|'Brahman, there are those who, subject to death, are afraid & in terror of death.
164.wav|He is freed from birth, aging, & death; from sorrows, lamentations, pains, distresses, & despairs.
165.wav|But anyone who rouses his unbelieving mother & father, settles & establishes them in conviction;
166.wav|Thus was it said. And in reference to what was it said?
167.wav|Such is the origination of this entire mass of suffering & stress.
168.wav|the monk enters & remains in the fourth jhāna: purity of equanimity & mindfulness, neither pleasure nor pain.
169.wav|'Whatever pleasure & joy arises dependent on feeling: That is the allure of feeling.…
170.wav|The fact that feeling is inconstant, stressful, subject to change: This is the drawback of feelings.
171.wav|any restraint of body, speech, & intellect practiced here will be one's shelter, cave, island, & refuge after death in the world beyond.'
172.wav|Five faculties: the faculty of conviction, the faculty of persistence, the faculty of mindfulness, the faculty of concentration, the faculty of discernment.
173.wav|The voice of another and appropriate attention. These are the two conditions for the arising of right view.'
174.wav|Whatever teachings are admirable in the beginning, admirable in the middle, admirable in the end,
175.wav|Disenchanted, he becomes dispassionate. Through dispassion, he is released.
176.wav|• 'Five lower fetters: self-identification views, uncertainty, grasping at habits & practices, sensual desire, ill will.
177.wav|—depending on time & occasion—can be experienced by a householder partaking of sensuality.
178.wav|shaves off his hair & beard, puts on the ochre robes, and goes forth from the household life into homelessness.
179.wav|'Monks, the eye is inconstant, changeable, alterable. The ear… The nose… The tongue… The body… The mind is inconstant, changeable, alterable.
180.wav|ill-spoken, unwelcome words & bodily feelings that, when they arise, are painful, racking, sharp, piercing, disagreeable, displeasing, & menacing to life.
181.wav|'He hears—by means of the divine ear-element, purified & surpassing the human—both kinds of sounds: divine & human, whether near or far.
182.wav|Reach consummation through heedfulness.' That was the Tathāgata's last statement.
183.wav|Then some of the Licchavis said, 'Who is Gotama the contemplative that he will refute the statement of Saccaka the Nigaṇṭha-son?
184.wav|THE SHORTER DISCOURSE TO SACCAKA. CŪḶA SACCAKA SUTTA  MAJJHIMA NIKĀYA 35
185.wav|Nothing can be done to the Vajjians by King Ajātasattu Vedehiputta, the king of Magadha, through force of arms—except by befriending them and sowing dissension (among them).
186.wav|[Similarly with Makkhali Gosāla, Ajita Kesakambalin, Pakudha Kaccāyana, Sañjaya Velaṭṭhaputta, & Nigaṇṭha Nāṭaputta.]
187.wav|TO VACCHAGOTTA ON FIRE. AGGI-VACCHAGOTTA SUTTA  MAJJHIMA NIKĀYA 72
188.wav|I have heard that on one occasion the Blessed One was staying at Rājagaha, in Jīvaka Komārabhacca's mango grove, with a large Saṅgha of monks—1,250 monks in all.
189.wav|Some of the Licchavis said, 'Who is Saccaka the Nigaṇṭha-son that he will refute the statement of Gotama the contemplative?
190.wav|Venerable Puṇṇa Mantāṇiputta heard, 'The Blessed One has arrived at Sāvatthī and is staying near Sāvatthī in Jeta's Grove, Anāthapiṇḍika's monastery.'
191.wav|On one occasion Venerable Mahā Cunda was staying among the Cetis in Sañjāti.
192.wav|On one occasion Venerable Mahā Cunda was staying among the Cetis at Sahajāti.
193.wav|FROM IGNORANCE AS A REQUISITE CONDITION. AVIJJĀPACCAYA SUTTA  SAṀYUTTA NIKĀYA 12:35
194.wav|Then, early in the morning, Venerable Bhūmija—having adjusted his lower robe and taking his bowl & outer robe—went to Prince Jayasena's residence.
195.wav|I have heard that on one occasion the Blessed One, on a wandering tour among the Kosalans with a large Saṅgha of monks, arrived at a Kosalan brahman village named Icchānaṅgala.
196.wav|ONE'S OWN MIND. SACITTA SUTTA  AṄGUTTARA NIKĀYA 10:51
197.wav|When the night had passed, the senior monks adjusted their lower robes in the early morning and, taking their bowls & outer robes, went to Citta's residence.
198.wav|Then, as the night was ending, the brahman Lohicca had choice staple & non-staple foods prepared in his own home and then said to Rosika the barber, 'Come, dear Rosika.
199.wav|'[4] He attains—whenever he wants, without strain, without difficulty—the four jhānas that are heightened mental states, pleasant abidings in the here & now.
200.wav|'[4] He can attain at will, without trouble or difficulty, the four jhānas—heightened mental states providing a pleasant abiding in the here & now.
201.wav|Then the Blessed One went to the brahman Lohicca's home.
202.wav|So the brahman householders of Icchānaṅgala, when the night was gone, taking many staple & non-staple foods, went to the gate house of the Icchānaṅgala forest grove.
203.wav|A third time the Blessed One addressed Venerable Sāriputta, 'Sāriputta, it is said in Ajita's Question in the Way to the Further Shore:
204.wav|I have heard that on one occasion the Blessed One was staying near Rājagaha, in Jīvaka Komārabhacca's mango grove.
205.wav|THE SHORTER DISCOURSE ON TAKING ON PRACTICES. CŪḶA DHAMMASAMĀDĀNA SUTTA  MAJJHIMA NIKĀYA 45
206.wav|The Vacchagotta the wanderer, getting up from his seat, went to Venerable Mahā Moggallāna and, on arrival, exchanged courteous greetings with him.
207.wav|Then Saccaka, a Nigaṇṭha [Jain], while walking and wandering around to exercise his legs, went to the Gabled Hall in the Great Forest.
208.wav|SISTER SĪSUPACĀLĀ. SĪSUPACĀLĀ SUTTA  SAṀYUTTA NIKĀYA 5:8
209.wav|When this uposatha of the Jains is undertaken, it is not of great fruit or great benefit, not of great glory or great radiance.
210.wav|Then, early in the morning, Sīsupacālā the nun adjusted her robes and, taking her bowl & outer robe, went into Sāvatthī for alms.
211.wav|Master Gotama, Ajātasattu Vedehiputta, the king of Magadha, wants to attack the Vajjians.
212.wav|Then Māra the Evil One—sad & dejected at realizing, 'Sīsupacālā the nun knows me'—vanished right there.
213.wav|Then the brahman Jaṭā ['Tangle'] Bhāradvāja went to the Blessed One and, on arrival, exchanged courteous greetings with him.
214.wav|WITH CAṄKĪ. CAṄKĪ SUTTA  MAJJHIMA NIKĀYA 95
215.wav|On hearing the voice of the spirit Dīgha Parajana, the earth devas took up the cry:
216.wav|Then the novice Aciravata, not long after Prince Jayasena's departure, went to the Blessed One.
217.wav|Then the spirit Dīgha Parajana went to the Blessed One and, on arrival, having bowed down to him, stood to one side.
218.wav|Then, after the night had passed, the Licchavis offered to Saccaka the Nigaṇṭha-son a food offering of approximately five hundred oblation-dishes.
219.wav|Prince Jayasena went to Venerable Bhūmija and, on arrival, exchanged courteous greetings with him.
220.wav|Campā, Rājagaha, Sāvatthī, Sāketa, Kosambī, Bārāṇasī.
221.wav|So Saccaka the Nigaṇṭha-son, surrounded by five hundred Licchavis, went to the Gabled Hall in the Great Forest.
222.wav|So Saccaka the Nigaṇṭha-son went to those Licchavis and, on arrival, said to them, 'Come out, good Licchavis!
223.wav|Then Saccaka the Nigaṇṭha-son, sensing the Blessed One's acquiescence, addressed the Licchavis, 'Listen, Master Licchavis.
224.wav|Then Saccaka the Nigaṇṭha-son together with a large group of Licchavis plunged into the Great Forest and went to the Blessed One.
225.wav|Then Mahāpajāpati Gotamī, having had her hair cut off, having donned ochre robes, set out for Vesālī together with a large number of Sakyan women.
226.wav|Meanwhile, a certain Ājīvakan ascetic, carrying a coral-tree flower from Kusinārā, was traveling on the highway to Pāvā.
227.wav|Gratified, the spirit Dīgha Parajana delighted in the Blessed One's words.
228.wav|As he was sitting there he said, 'Venerable sir, Mahāpajāpati Gotamī has accepted the eight rules of respect, never to transgress them as long as she lives.'
229.wav|Then a certain householder, a disciple of the Fatalists [Ājīvakas], went to him and, on arrival, having bowed down to him, sat to one side.
230.wav|Responding, 'As you say, sire,' the man went to Sañjaya the brahman of the Ākāsa clan and on arrival said to him, 'King Pasenadi Kosala summons you.'
231.wav|ABOUT VAJJIYA. VAJJIYA SUTTA  AṄGUTTARA NIKĀYA 10:94
232.wav|Then the monks, delighting in & approving of Venerable Mahā Kaccāna's words, got up from their seats and went to the Blessed One.
233.wav|NEAR CĀTUMĀ. CĀTUMA SUTTA  MAJJHIMA NIKĀYA 67
234.wav|Then the monks, delighting in & approving of Venerable Mahā Kaccāna's words, rose from their seats and went to the Blessed One.
235.wav|When they were unable to convince the monks led by Assaji & Punabbasu, those monks went to the Blessed One [and told him what had happened].
236.wav|MAHĀ KACCĀNA & THE AUSPICIOUS DAY. MAHĀKACCĀNA BHADDEKARATTA SUTTA  MAJJHIMA NIKĀYA 133
237.wav|When this was said, the monks led by Assaji & Punabbasu said to those monks, 'Friends, we eat in the evening, in the morning, & in the wrong-time during the day.
238.wav|Vajjiya Māhita the householder, perceiving that the wanderers were silent, abashed…at a loss for words, got up & went to the Blessed One.
239.wav|On arrival, the Blessed One said to Venerable Cundaka, 'Cundaka, please arrange my outer robe folded in four.
240.wav|Responding, 'As you say, lord,' to the Blessed One, Venerable Cundaka arranged the outer robe folded in four.
241.wav|With regard to that, what does Master Bhūmija's teacher say, what is his view, what does he declare?'
242.wav|As he was sitting there, he told the Blessed One the entire extent of Venerable Udāyin's conversation with Pañcakaṅga the carpenter.
243.wav|Then the Blessed One, early in the morning, adjusted his lower robe and—taking his bowl & outer robe—went together with the Saṅgha of monks to Cunda's home.
244.wav|When this was said, Pañcakaṅga the carpenter said to Venerable Udāyin, 'No, Venerable Udāyin, the Blessed One hasn't described three feelings, he's described two feelings:
245.wav|So, setting his lodgings in order and taking his robes & bowl, Venerable Channa went to Kosambī to where Venerable Ānanda was staying at Ghosita's monastery.
246.wav|Then in the Blessed One, after he had eaten Cunda's meal, there arose a severe disease accompanied with (the passing of) blood, with intense pains & deadly.
247.wav|Here comes Vajjiya Māhita the householder, a disciple of the contemplative Gotama.
248.wav|THE LONGER DISCOURSE TO SACCAKA. MAHĀ SACCAKA SUTTA  MAJJHIMA NIKĀYA 36
249.wav|TO DHANAÑJĀNIN. DHANAÑJĀNIN SUTTA  MAJJHIMA NIKĀYA 97
250.wav|Responding, 'As you say, lord,' to the Blessed One, the monk went to Venerable Pilindavaccha and on arrival said to him, 'The Teacher calls you, friend Vaccha.'
251.wav|I have heard that on one occasion the Blessed One was staying near Rājagaha in Jīvaka's Mango Grove.
252.wav|So the Devas of the Thirty-three bound Vepacitti, the lord of the asuras, neck, hand, & foot and brought him before Sakka in the righteous assembly of the devas.
253.wav|Yet I neither delighted in Pakudha Kaccāyana's words nor did I protest against them.
254.wav|Then the Blessed One told a certain monk, 'Come, monk. In my name, call Pilindavaccha, saying, 'The Teacher calls you, friend Vaccha.'
255.wav|When this was said, Saccaka the Nigaṇṭha-son said to Dummukha the Licchavi-son, 'Just you wait, Dummukha.
256.wav|IGNORANCE. AVIJJĀ SUTTA  AṄGUTTARA NIKĀYA 10:61
257.wav|Cundaka quickly set it out, folded in four.
258.wav|Then the thought occurred to Venerable Channa, 'This Venerable Ānanda is staying near Kosambī at Ghosita's monastery.
259.wav|Now on that occasion, Sunidha & Vassakāra, the chief ministers of Magadha, were building a city at Pāṭali Village to preempt the Vajjians.
260.wav|THERAGĀTHĀ 1:14. VANAVACCHA'S PUPIL
261.wav|IGNORANCE. AVIJJĀ SUTTA  SAṀYUTTA NIKĀYA 35:80
262.wav|That's how Sunidha & Vassakāra, the chief ministers of Magadha, are building a city at Pāṭali Village to preempt the Vajjians.
263.wav|right there near Rājagaha at Jīvaka's Mango Grove…
264.wav|Vepacitti & Sucitti, Pahārāda, with Namucī,
265.wav|Then Venerable Sāriputta, having adjusted his lower robe and taking his bowl & outer robe, went to Dhanañjānin's home.
266.wav|Now at that time King Ajātasattu Vedehiputta of Magadha, suspicious of King Pajjota, was having Rājagaha fortified.
267.wav|I have heard that on one occasion the Blessed One was staying near Campā on the banks of the Gaggarā Lake with a large community of monks, approximately 500 monks in all.
268.wav|Then Sakka the deva-king & the Great King Vessavaṇṇa, giving precedence to Venerable Mahā Moggallāna, went to the Vejayanta palace.
269.wav|Then a sudden great rapture & joy welled up in Venerable Channa at the thought, 'So I am capable of understanding the Dhamma!'
270.wav|THE SHORTER ANALYSIS OF ACTION. CŪḶA KAMMA-VIBHAṄGA SUTTA  MAJJHIMA NIKĀYA 135
271.wav|And so the Cātumā Sakyans & Brahmā Sahampati were able to reconcile the Blessed One by means of the simile of the seedlings & the simile of the young calf.
272.wav|And on that occasion, Ajātasattu Vedehiputta, the king of Magadha, wanted to attack the Vajjians.
273.wav|I have heard that on one occasion the Blessed One was staying near Rājagaha in the Maddakucchi Deer Reserve.
274.wav|As Subhā the nun was going through Jīvaka's delightful mango grove, a libertine (a goldsmith's son) blocked her path, so she said to him:
275.wav|There are the contemplatives called the Nigaṇṭhas [Jains].
276.wav|Then Jantu the deva's son, on the uposatha of the fifteenth, went to those monks and, on arrival, addressed them in verses.
277.wav|King Seniya Bimbisāra of Magadha hasn't provoked me, nor have the Licchavis of Vesālī, nor has some other hostile king.
278.wav|THE SHORTER GOSIṄGA SĀLA-TREE DISCOURSE. CŪḶAGOSIṄGASĀLA SUTTA  MAJJHIMA NIKĀYA 31
279.wav|The Blessed One saw the spirit Vajirapāṇin, as did Saccaka the Nigaṇṭha-son.
280.wav|Has King Seniya Bimbisāra of Magadha provoked you, or have the Licchavis of Vesālī or some other hostile king?'
281.wav|As he was sitting there, he said to Venerable Ānanda, 'This has been said by Pañcālacaṇḍa the deva's son:
282.wav|when he can attain as he likes, without difficulty, without trouble, the four jhānas that are heightened mind-states and pleasant abidings in the here-&-now;
283.wav|TO SAJJHA. SAJJHA SUTTA  AṄGUTTARA NIKĀYA 9:8
284.wav|So those Licchavis said to her, 'Hey, Ambapālī, what are you doing—driving axle to axle, wheel to wheel, yoke to yoke—bringing the young Licchavis to a halt?'
285.wav|From what you have heard, how did the Daṇḍakī wilderness, the Kāliṅga wilderness, the Mejjha wilderness, & the Mātaṅga wilderness become wildernesses?'
286.wav|So the Blessed One early in the morning adjusted his lower robe and—taking his bowl & outer robe—went together with the Saṅgha of monks to Saccaka the Nigaṇṭha-son's monastery.
287.wav|Then two brahman cosmologists [Ājīvakas] went to the Blessed One and, on arrival, exchanged courteous greetings with him.
288.wav|On one occasion a larger number of elder monks were staying among the Cetiyas at Sahajani [Sahajati].
289.wav|There he addressed Venerable Sāriputta, 'Sāriputta, it is said in Ajita's Question in the Way to the Further Shore :
290.wav|I attain—whenever I want, without strain, without difficulty—the four jhānas that are heightened mental states, pleasant abidings in the here & now.
291.wav|I have heard that on one occasion the Blessed One was staying near Sāvatthī in Jeta's Grove, Anāthapiṇḍika's monastery. There he addressed the monks, 'Monks!'
292.wav|Then the Licchavis of Vesālī heard, 'The Blessed One, they say, has arrived at Vesālī and is staying near Vesālī in Ambapālī's grove!'
293.wav|THE SHORTER LION'S ROAR DISCOURSE. CŪḶASĪHANĀDA SUTTA  MAJJHIMA NIKĀYA 11
294.wav|Have you heard how the Daṇḍakī wilderness, the Kāliṅga wilderness, the Mejjha wilderness, & the Mātaṅga wilderness became wildernesses?'
295.wav|THE SHORTER EXHORTATION TO RĀHULA. CŪḶA RĀHULOVĀDA SUTTA  MAJJHIMA NIKĀYA 147
296.wav|THE SHORTER FULL-MOON NIGHT DISCOURSE. CŪḶA PUṆṆAMA SUTTA  MAJJHIMA NIKĀYA 110
297.wav|So the brahman Paccanikasāta went to the Blessed One and, following behind the Blessed One as he was doing walking meditation, said to him, 'Speak Dhamma, contemplative.'
298.wav|right there near Rājagaha at the Maddakucchi Deer Park.
299.wav|Then Sajjha the wanderer went to the Blessed One and, on arrival, exchanged courteous greetings with him.
300.wav|The Blessed One has been reconciled by the Cātumā Sakyans & Brahmā Sahampati by means of the simile of the seedlings & the simile of the young calf.'
301.wav|THE SHORTER CRAVING-DESTRUCTION DISCOURSE. CŪḶA TAṆHĀSAṄKHAYA SUTTA  MAJJHIMA NIKĀYA 37
302.wav|Then, having declared the impossibility and unfeasibility (of that attainment) to the novice Aciravata, Prince Jayasena got up from his seat and left.
303.wav|Saccaka the Nigaṇṭha-son, with his own hand, served & satisfied the Saṅgha of monks headed by the Blessed One with exquisite staple & non-staple food.
304.wav|Then 700 devatās from the Satullapa retinue, in the far extreme of the night, their extreme radiance lighting up the entirety of Maddakucchi, went to the Blessed One.
305.wav|SUTTA NIPĀTA 5:1. AJITA'S QUESTIONS
306.wav|Then Nandaka, the chief minister of the Licchavis, went to the Blessed One and on arrival, having bowed down to him, sat to one side.
307.wav|And on that occasion Saccaka the Nigaṇṭha-son was dwelling in Vesālī—a debater, a sophist, well-regarded by people at large.
308.wav|Then the brahman Jaṭā Bhāradvāja received the Going-forth in the Blessed One's presence, he gained the Acceptance.
309.wav|THERAGĀTHĀ 1:113. VANAVACCHA
310.wav|So the Blessed One addressed Venerable Ānanda, 'Have you heard, Ānanda, that the Vajjians meet often and meet a great deal?'
311.wav|JANTU THE DEVA'S SON. JANTU SUTTA  SAṀYUTTA NIKĀYA 2:25
312.wav|When this was said, the brahman Jaṭā Bhāradvāja said to the Blessed One, 'Magnificent, Master Gotama!
313.wav|When this was said, a certain man said to Nandaka, the chief minister of the Licchavis, 'It is now time for your bath, sir.'
314.wav|Venerable Mahā Kassapa saw the Ājīvakan ascetic coming from afar, and on seeing him said to him, 'Do you know our teacher, friend?'
315.wav|Venerable Ānanda saw him coming from afar and, on seeing him, said to the Blessed One, 'Venerable sir, here comes Saccaka the Nigaṇṭha:
316.wav|AN ANALYSIS OF THE TRUTHS. SACCA-VIBHAṄGA SUTTA  MAJJHIMA NIKĀYA 141
317.wav|And on that occasion a brahman named Paccanikasāta (Enjoyer of Contradiction) was living in Sāvatthī.
318.wav|UDĀNA 3:3. YASOJA (YASOJA SUTTA)
319.wav|PRINCE BODHI. BODHIRĀJAKUMĀRA SUTTA  MAJJHIMA NIKĀYA 85
320.wav|Saccaka the Nigaṇṭha-son, after having exquisite staple & non-staple food prepared in his own monastery, announced the time to the Blessed One:
321.wav|Then the thought occurred to the brahman Paccanikasāta, 'Let's go to the contemplative Gotama and contradict whatever he says.'
322.wav|Then Vacchagotta the wanderer went to Venerable Mahā Moggallāna and, on arrival, exchanged courteous greetings with him.
323.wav|THE LESSER MASS OF STRESS. CŪḶA DUKKHAKKHANDHA SUTTA  MAJJHIMA NIKĀYA 14
324.wav|Then Venerable Isidatta—having set his lodging in order and taking his bowl & robes—left Macchikāsaṇḍa.
325.wav|Then, when the Blessed One had eaten and had rinsed his bowl & hands, Saccaka the Nigaṇṭha-son, taking a lower seat, sat down to one side.
326.wav|When this was said, Saccaka the Nigaṇṭha-son fell silent, abashed, sitting with his shoulders drooping, his head down, brooding, at a loss for words.
327.wav|THE SHORTER DISCOURSE AT ASSAPURA. CŪḶA-ASSAPURA SUTTA  MAJJHIMA NIKĀYA 40
328.wav|[Similarly with the second, third, & fourth jhānas.]
329.wav|[Similarly with the second, third, and fourth jhānas.]
330.wav|If Ciravāsi's mother were to be murdered or imprisoned or fined or censured, would you feel sorrow, lamentation, pain, distress, & despair?'
331.wav|THE SHORTER ELEPHANT FOOTPRINT SIMILE. CŪḶA HATTHIPADOPAMA SUTTA  MAJJHIMA NIKĀYA 27
332.wav|TO JĪVAKA. JĪVAKA SUTTA  MAJJHIMA NIKĀYA 55
333.wav|THE SHORTER EXHORTATION TO MĀLUṄKYA. CŪḶA MĀLUṄKYOVĀDA SUTTA  MAJJHIMA NIKĀYA 63
334.wav|Then Venerable Mahaka—having set his lodging in order and taking his bowl & robes—left Macchikāsaṇḍa.
335.wav|THE GREATER ANALYSIS OF ACTION. MAHĀ KAMMA-VIBHAṄGA SUTTA  MAJJHIMA NIKĀYA 136
336.wav|So Saccaka the Nigaṇṭha-son went up to the monks and said, 'Where, masters, is Master Gotama now?
337.wav|Then Prince Jayasena—walking back & forth & around to exercise his legs—went to the novice Aciravata and exchanged courteous greetings with him.
338.wav|TO PRINCE ABHAYA. ABHAYA RĀJA-KUMĀRA SUTTA  MAJJHIMA NIKĀYA 58
339.wav|whether Ājīvakas or Nigaṇṭhas,
340.wav|THE SHORTER SET OF QUESTIONS & ANSWERS. CŪḶA VEDALLA SUTTA  MAJJHIMA NIKĀYA 44
341.wav|Responding, 'As you say, sir,' to Prince Bodhi, the young brahman Sañjikāputta went to the Blessed One and, on arrival, announced the time, (saying,) 'It is time, Master Gotama.
342.wav|And Suppiya the wanderer was traveling on the highway between Rājagaha & Nālandā with his apprentice, Brahmadatta the young brahman.
343.wav|Then the Licchavis, delighting in and approving of the Blessed One's words, got up from their seats and, bowing down to him and circumambulating him, left.
344.wav|UDĀNA 2:1. MUCCALINDA (MUCCALINDA SUTTA)
345.wav|near the river Nerañjarā,
346.wav|Then the Licchavis, going in their vehicles as far as there was ground for vehicles, got down from their vehicles and approached the Blessed One on foot.
347.wav|Some of the Licchavis exchanged courteous greetings with the Blessed One and, after an exchange of friendly greetings & courtesies, sat to one side.
348.wav|Then Ambapālī the courtesan, driving axle to axle, wheel to wheel, yoke to yoke, brought those young Licchavis to a halt.
349.wav|THE SHORTER DISCOURSE ON EMPTINESS. CŪḶA SUÑÑATA SUTTA  MAJJHIMA NIKĀYA 121
351.wav|On one occasion the Blessed One was staying among the Vajjians near Hatthigāma.
352.wav|The Blessed One–with his divine eye, purified and surpassing the human–saw Venerable Saṅgāmaji's former wife misbehaving in that way.
353.wav|And at that time Māra, the Evil One, had taken possession of the brahman householders of Pañcasālā [with the thought,] 'Don't let Gotama the contemplative get alms.'
354.wav|THE VAJJIAN MONK. VAJJIPUTTA SUTTA  AṄGUTTARA NIKĀYA 3:85
355.wav|The Vacchagotta the wanderer, getting up from his seat, went to the Blessed One and, on arrival, exchanged courteous greetings with him.
356.wav|A MEAL. BHOJANA SUTTA  AṄGUTTARA NIKĀYA 5:37
357.wav|Now, the jhānas are said by the Blessed One to be thorned by noise.
358.wav|THE EXHORTATION TO RĀHULA AT MANGO STONE. AMBALAṬṬHIKĀ RĀHULOVĀDA SUTTA  MAJJHIMA NIKĀYA 61
359.wav|THE SHORTER HEARTWOOD SIMILE DISCOURSE. CŪḶA SĀROPAMA SUTTA  MAJJHIMA NIKĀYA 30
360.wav|THERAGĀTHĀ 1:13. VANAVACCHA
361.wav|So Venerable Mahā Moggallāna fabricated a fabrication of psychic power such that with his toe he made the Vejayanta Palace shiver & quiver & quake.
362.wav|THE PROFESSIONAL WARRIOR (1). YODHĀJĪVA SUTTA  AṄGUTTARA NIKĀYA 5:75
363.wav|THE PROFESSIONAL WARRIOR (2). YODHĀJĪVA SUTTA  AṄGUTTARA NIKĀYA 5:76
364.wav|TO YODHĀJĪVA (THE PROFESSIONAL WARRIOR). YODHĀJĪVA SUTTA  SAṀYUTTA NIKĀYA 42:3
365.wav|The Licchavis of Vesālī heard, 'The Blessed One, they say, has totally unbound in Kusinārā.'
366.wav|I have heard that on one occasion the Blessed One was staying among the Vajjians at Bhaṇḍa Village.
367.wav|Before you had seen or heard of Ciravāsi's mother, did you feel desire, passion, or love for her?'
368.wav|TO KACCĀNA GOTTA. KACCĀNAGOTTA SUTTA  SAṀYUTTA NIKĀYA 12:15
369.wav|Some of the Licchavis, having raised their hands palm-to-palm in front of the chest, sat to one side.
370.wav|TO THE MAN FROM AṬṬHAKANAGARA. AṬṬHAKANĀGARA SUTTA  MAJJHIMA NIKĀYA 52
371.wav|WITH VACCHAGOTTA. VACCHAGOTTA SUTTA  SAṀYUTTA NIKĀYA 44:8
372.wav|But there will come a time in the future when the Licchavis grow delicate, with soft palms of their hands & soles of their feet.
373.wav|It's Saccaka the Nigaṇṭha-son who will refute the statement of Gotama the contemplative.'
374.wav|It's Gotama the contemplative who will refute the statement of Saccaka the Nigaṇṭha-son.'
375.wav|Yet Saccaka the Nigaṇṭha, when asked by the Blessed One about the development of the mind, was unable to respond.
376.wav|Now, some of those Licchavis were dark blue, with dark blue complexions, dark blue clothing, & dark blue ornaments.
377.wav|As he was sitting there, the Blessed One said to him, 'Sandha, practice the absorption [jhāna] of a thoroughbred horse, not the absorption of an unbroken colt.
378.wav|Then Ārāmadaṇḍa the brahman went to Venerable Mahā Kaccāna and, on arrival, exchanged courteous greetings with him.
379.wav|THE DEVAS (ABOUT JHĀNA). DEVA SUTTA  AṄGUTTARA NIKĀYA 9:39
380.wav|CONDUCIVE TO THE IMPERTURBABLE. ĀNEÑJA-SAPPĀYA SUTTA  MAJJHIMA NIKĀYA 106
381.wav|So Saccaka the Nigaṇṭha, delighting in & approving of the Blessed One's words, got up from his seat and left.
382.wav|Then Vacchagotta the wanderer went to the Blessed One and, on arrival, exchanged courteous greetings with him.
383.wav|Then the wanderer Vacchagotta went to the Blessed One and, on arrival, exchanged courteous greetings with him.
384.wav|THE SIX SEXTETS. CHACHAKKA SUTTA  MAJJHIMA NIKĀYA 148
385.wav|Then Saccaka the Nigaṇṭha went to the Blessed One and, on arrival, exchanged courteous greetings with him.
386.wav|[5] 'And further, with the abandoning of pleasure & pain—as with the earlier disappearance of elation & distress—the monk enters & remains in the fourth jhāna:
387.wav|The Blessed One said, 'The Licchavis now live heedfully, ardent in exercise, with blocks of wood for pillows.
388.wav|I have heard that on one occasion the Blessed One was traveling on the highway between Rājagaha & Nālandā with a large Saṅgha of monks, approximately 500 monks.
389.wav|AMAZING & ASTOUNDING QUALITIES. ACCHARIY'ABBHŪTADHAMMA SUTTA  MAJJHIMA NIKĀYA 123
390.wav|I have heard that on one occasion the Blessed One was staying near Sāvatthī at Jeta's Grove, Anāthapiṇḍika's monastery. There he addressed the monks, 'Monks!'
391.wav|ABOUT CUNDA (VENERABLE SĀRIPUTTA'S PASSING AWAY). CUNDA SUTTA  SAṀYUTTA NIKĀYA 47:13
392.wav|When this was said, Saccaka the Nigaṇṭha-son was silent a second time.
393.wav|Then Vacchagotta the wanderer went to him and, on arrival, exchanged courteous greetings with him.
394.wav|The Licchavis of Vesālī built a burial mound and held a ceremony for the Blessed One's relics in Vesālī.
395.wav|There is the case where a monk—quite secluded from sensuality, secluded from unskillful (mental) qualities—enters & remains in the first jhāna:
396.wav|Then the Blessed One said to Saccaka, 'The ones you described just now as developed in the development of the body:
397.wav|On one occasion Venerable Godatta was staying near Macchikāsaṇḍa in the Wild Mango Grove.
398.wav|Some of those Licchavis were yellow, with yellow complexions, yellow clothing, & yellow ornaments.
399.wav|Now on that occasion, five hundred Licchavis had gathered at a meeting hall on some business or other.
400.wav|A second time, the Blessed One said to Saccaka the Nigaṇṭha-son:
401.wav|I had 84,000 chariots with golden ornaments, golden banners, covered with nets of golden thread, the chief of which was the chariot Vejayanta.
402.wav|TO JĀṆUSSOṆIN (ON OFFERINGS TO THE DEAD). JĀṆUSSOṆIN SUTTA  AṄGUTTARA NIKĀYA 10:166
403.wav|Responding, 'As you say, dear,' to Dīghāvu the lay follower, Jotiya the householder went to the Blessed One and, on arrival, having bowed down to him, sat to one side.
404.wav|Some of those Licchavis were white, with white complexions, white clothing, & white ornaments.
405.wav|As they were sitting there, Venerable Ānanda said to the Blessed One, 'Lord, Cunda the novice, here, has said that Nigaṇṭha Nāṭaputta has just died in Pāvā.
406.wav|PAÑCĀLACAṆḌA THE DEVA'S SON. PAÑCĀLACAṆḌA SUTTA  SAṀYUTTA NIKĀYA 2:7
407.wav|REQUISITE CONDITIONS. PACCAYA SUTTA  SAṀYUTTA NIKĀYA 12:20
408.wav|Some of those Licchavis were red, with red complexions, red clothing, & red ornaments.
409.wav|That's the way it is, Cunda, with a poorly proclaimed Dhamma-Vinaya, poorly expounded, not leading out, not conducive to calming, expounded by one who is not rightly self-awakened.
410.wav|When this was said, Saccaka the Nigaṇṭha-son was silent.
411.wav|So Venerable Mahā Kaccāna gave Soṇa Koṭikaṇṇa the going-forth.
412.wav|As he was sitting there, he said to Venerable Sabhiya Kaccāna, 'Now then, Master Kaccāna, does the Tathāgata exist after death?'
413.wav|I will bring these Vajjians to ruin—these Vajjians!'
414.wav|I have heard that on one occasion Venerable Sāriputta was staying near Sāvatthī in Jeta's Grove, Anāthapiṇḍika's monastery.
415.wav|THE GREATER CRAVING-DESTRUCTION DISCOURSE. MAHĀ TAṆHĀSAṄKHAYA SUTTA  MAJJHIMA NIKĀYA 38
416.wav|Now at that time, Jāṇussoṇin the brahman was driving out of Sāvatthī in the middle of the day in a totally white roofed-chariot.
417.wav|Some of the Licchavis, after announcing their name and clan, sat to one side.
418.wav|On one occasion Venerable Ānanda was staying near Sāvatthī in Jeta's Grove, Anāthapiṇḍika's monastery.
419.wav|the body named Vehapphalā [Sky-fruit], {the body named Abhibhū [Conqueror]} which you don't know, don't see, but that I know, I see.
420.wav|Some of the Licchavis, having bowed down to the Blessed One, sat to one side.
421.wav|with Timbaru [and his daughter,] Suriyavacchasā [SunDazzle].
422.wav|Afterwards, when he leaves two qualities—greed & ill will—then, quite secluded from sensuality, secluded from unskillful qualities, he enters & remains in the first jhāna:
423.wav|There I taught the Vajjians these seven conditions that lead to no decline.
424.wav|When you think these eight thoughts of a great person, then—whenever you want—with the stilling of directed thoughts & evaluations, you will enter & remain in the second jhāna:
425.wav|Without jumping at the fourth jhāna, with the abandoning of pleasure & pain—as with the earlier disappearance of elation & distress—he enters & remains in the fourth jhāna:
426.wav|Then the Licchavis set out for Ambapālī's grove.
427.wav|When this was said, Vacchagotta the wanderer said to the Blessed One:
428.wav|Regard the assembly of Licchavis as like the assembly of the Thirty-three!'
429.wav|FIVE & THREE. PAÑCATTAYA SUTTA  MAJJHIMA NIKĀYA 102
430.wav|[1] 'There is the case where a monk, quite secluded from sensuality, secluded from unskillful qualities, enters & remains in the first jhāna:
431.wav|There is the case where, whenever we want, with the abandoning of pleasure & pain—as with the earlier disappearance of joy & distress—we enter & remain in the fourth jhāna:
432.wav|And on that occasion Samīti the cartwright was planing the rim of a chariot wheel, and the Ājīvaka Paṇḍuputta, a former cartwright, was standing by.
433.wav|Then Rohitassa, the son of a deva, in the far extreme of the night, his extreme radiance lighting up the entirety of Jeta's Grove, went to the Blessed One.
434.wav|As they were sitting there, Venerable Ānanda said to the Blessed One, 'Lord, just now Cunda the novice said to me, 'Venerable sir, Venerable Sāriputta has totally unbound.
435.wav|Then King Ajātasattu Vedehiputta of Magadha built a burial mound and held a ceremony for the Blessed One's relics in Rājagaha.
436.wav|That's the way it is, Cunda, with a well-proclaimed Dhamma-Vinaya, well-expounded, leading out, conducive to calming, expounded by one who is rightly self-awakened.
437.wav|There is the case where, in a monk who has attained the five-factored first jhāna, there occurs directed thought, evaluation, rapture, pleasure, & singleness of mind.
438.wav|When this was said, Saccaka the Nigaṇṭha said to the Blessed One:
439.wav|On one occasion Venerable Sāriputta was staying near Sāvatthī in Jeta's Grove, Anāthapiṇḍika's monastery.
440.wav|There is the case where a monk, with the abandoning of pleasure & pain—as with the earlier disappearance of elation & distress—enters & remains in the fourth jhāna:
441.wav|There is the case where a monk, with the abandoning of pleasure & pain—as with the earlier disappearance of happiness & distress—enters & remains in the fourth jhāna:
442.wav|MENTAL ABSORPTION (1). JHĀNA SUTTA  AṄGUTTARA NIKĀYA 4:123
443.wav|MENTAL ABSORPTION (2). JHĀNA SUTTA  AṄGUTTARA NIKĀYA 4:124
444.wav|In the four jhānas:
445.wav|I have heard that on one occasion the Blessed One, on a wandering tour among the Kosalans with a large Saṅgha of monks, arrived at Kesaputta, a town of the Kālāmas.
446.wav|Then, early in the morning, Vijayā the nun adjusted her robes and, taking her bowl & outer robe, went into Sāvatthī for alms.
447.wav|entering the jhānas:
448.wav|Then Cunda the novice, who had spent the Rains at Pāvā, went to Venerable Ānanda at Sāmagāma and, on arrival, having bowed down to him, sat to one side.
449.wav|• 'Four jhānas:
450.wav|Then Māra the Evil One—sad & dejected at realizing, 'Vijayā the nun knows me'—vanished right there.
451.wav|Some of the Licchavis, staying silent, sat to one side.
452.wav|As they were sitting there, they [told him what had happened, and added,] 'Analyze the meaning, Venerable Mahā Kaccāna!'
453.wav|I have heard that on one occasion Venerable Mahā Kaccāna was staying in Avanti at Osprey's Haunt, on Sheer-face Peak.
454.wav|Then the Blessed One, having stayed near Rājagaha as long as he pleased, said to Venerable Ānanda, 'Come, Ānanda, we will head for Ambalaṭṭhikā.'
455.wav|After wandering by stages he reached Sāvatthī, and there he lived near Sāvatthī in Jeta's Grove, Anāthapiṇḍika's monastery.
456.wav|When one has attained the fourth jhāna, in-and-out breaths [bodily fabrications] have ceased.
457.wav|When one has attained the fourth jhāna, in-&-out breaths [bodily fabrications] have ceased.
458.wav|JHĀNA (1). JHĀNA SUTTA  AṄGUTTARA NIKĀYA 6:73
459.wav|JHĀNA (2). JHĀNA SUTTA  AṄGUTTARA NIKĀYA 6:74
460.wav|But when this self, with the abandoning of pleasure & pain—as with the earlier disappearance of elation & distress—enters & remains in the fourth jhāna:
461.wav|As he was sitting there, Venerable Ānanda said to him, 'What, friend Bhaddaji, is supreme among sights?
462.wav|I don't see that,' he should be told, 'There is the case, friend, where a monk, with the stilling of directed thoughts & evaluations, enters & remains in the second jhāna:
463.wav|THE GREATER DISCOURSE TO SAKULUDĀYIN. MAHĀSAKULUDĀYI SUTTA  MAJJHIMA NIKĀYA 77
464.wav|I have heard that at on one occasion the Blessed One was staying near Sāvatthī in Jeta's Grove, Anāthapiṇḍika's monastery.
465.wav|There is the case, friends, where a monk—quite secluded from sensuality, secluded from unskillful qualities—enters & remains in the first jhāna:
466.wav|Seated, he said to Cunda, 'Cunda, serve me with the pig-delicacy you have had prepared, and the Saṅgha of monks with the other staple & non-staple food you have had prepared.'
467.wav|With reference to things in the future that provide the occasion for desire & passion, one discerns their future (kammic) results.
468.wav|With reference to things in the present that provide the occasion for desire & passion, one discerns their future (kammic) results.
469.wav|Or further, with the abandoning of pleasure & pain—as with the earlier disappearance of elation & distress—he enters & remains in the fourth jhāna:
470.wav|On one occasion the Blessed One was staying among the Magadhans near the brahman village of Pañcasālā.
471.wav|THE GREAT FORTY. MAHĀ CATTĀRĪSAKA SUTTA  MAJJHIMA NIKĀYA 117
472.wav|TO BHŪMIJA. BHŪMIJA SUTTA  MAJJHIMA NIKĀYA 126
473.wav|I have heard that on one occasion the Blessed One was staying near Sāvatthī, in Jeta's Grove, Anāthapiṇḍika's Monastery.
474.wav|With reference to things in the past that provide the occasion for desire & passion, one discerns their future (kammic) results.
475.wav|SUTTA NIPĀTA 5:15. MOGHARĀJA'S QUESTION
476.wav|THE DEVELOPMENT OF THE FACULTIES. INDRIYA-BHĀVANĀ SUTTA  MAJJHIMA NIKĀYA 152
477.wav|I have heard that at one time the Blessed One was staying near Sāvatthī in Jeta's Grove, Anāthapiṇḍika's monastery.
478.wav|Then his former wife, taking the baby and leaving him in front of Venerable Saṅgāmaji, went away, saying, 'That's your son, contemplative. Look after him.'
479.wav|In that, the Dhamma-devotee monks do not shine brightly, and the jhāna monks do not shine brightly.
480.wav|In that, the jhāna monks do not shine brightly, and the Dhamma-devotee monks do not shine brightly.
481.wav|Then Vacchagotta the wanderer got up from his seat and left.
482.wav|When one has attained the second jhāna, directed thoughts & evaluations [verbal fabrications] have ceased.
483.wav|There is the case where a monk—quite secluded from sensuality, secluded from unskillful qualities—enters & remains in the first jhāna:
484.wav|There is the case where a monk—quite secluded from sensuality, secluded from unskillful qualities—enters and remains in the first jhāna:
485.wav|There is the case where a monk—quite secluded from sensuality, secluded from unskillful qualities—enters & remains in the first jhāna…
486.wav|So, giving priority to non-fashioning, he neither exalts himself for the attainment of the first jhāna nor disparages others.
487.wav|On one occasion Venerable Mahā Kaccāna was staying at Varaṇā on the shore of Kaddama (Muddy) Lake.
488.wav|THE GREAT FULL-MOON NIGHT DISCOURSE. MAHĀ PUṆṆAMA SUTTA  MAJJHIMA NIKĀYA 109
489.wav|There is the case where, quite secluded from sensuality, secluded from unskillful qualities, the disciple of the noble ones enters & remains in the first jhāna:
490.wav|Then Kaṇḍarāyana the brahman went to Venerable Mahā Kaccāna and on arrival exchanged courteous greetings with him.
491.wav|FROM ONE WHO IS DEAR. PIYAJĀTIKA SUTTA  MAJJHIMA NIKĀYA 87
492.wav|Without jumping at the second jhāna, he—with the stilling of directed thoughts & evaluations—enters & remains in the second jhāna:
493.wav|THE GREAT LION'S ROAR DISCOURSE. MAHĀSĪHANĀDA SUTTA  MAJJHIMA NIKĀYA 12
494.wav|Then a certain devatā, in the far extreme of the night, her extreme radiance lighting up the entirety of Jeta's Grove, went to the Blessed One.
495.wav|In the same way, a monk—quite secluded from sensuality, secluded from unskillful qualities—enters & remains in the first jhāna:
496.wav|TO BRAHMĀYU (EXCERPT). BRAHMĀYU SUTTA  MAJJHIMA NIKĀYA 91
497.wav|I have heard that on one occasion the Blessed One was staying near Sāvatthī in Jeta's Grove, Anāthapiṇḍaka's monastery.
498.wav|THE GREAT MASS OF STRESS. MAHĀ DUKKHAKKHANDHA SUTTA  MAJJHIMA NIKĀYA 13
499.wav|Then, early in the morning, Vajirā the nun adjusted her robes and, taking her bowl & outer robe, went into Sāvatthī for alms.
500.wav|Khara the yakkha said to Suciloma the yakkha, 'That's a contemplative.'
501.wav|I will destroy these Vajjians!
502.wav|LIKE-MINDED. SAMACITTA SUTTA  AṄGUTTARA NIKĀYA 2:35
503.wav|This, Dāmali, is a simile for the brahman—effluents ended, masterful, doing jhāna:
504.wav|THE FOUR JHĀNAS
505.wav|Then the thought occurred to me, 'There is the case where a monk, with the stilling of directed thoughts & evaluations, enters & remains in the second jhāna:
506.wav|On one occasion the Blessed One was staying near Rājagaha on Vulture Peak Mountain, not long after Devadatta's departure.
507.wav|I have heard that on one occasion Venerable Ānanda was staying near Rājagaha in the Bamboo Forest, the Squirrels' Sanctuary, not long after the Blessed One's total unbinding.
508.wav|But when this self—quite secluded from sensuality, secluded from unskillful qualities—enters & remains in the first jhāna:
509.wav|Then the thought occurred to them, 'Venerable Mahā Kaccāna is praised by the Teacher and esteemed by his observant companions in the holy life.
510.wav|On one occasion the Blessed One was staying near Sāvatthī in Jeta's Grove, Anāthapiṇḍika's monastery.
511.wav|On one occasion the Blessed One was staying near Sāvatthī at Jeta's Grove, Anāthapiṇḍika's monastery.
512.wav|I have heard that on one occasion the Blessed One was staying near Rājagaha on Vulture Peak mountain, not long after Devadatta had left.
513.wav|Then Māra the Evil One—sad & dejected at realizing, 'Vajirā the nun knows me'—vanished right there.
514.wav|Come on out, good Licchavis!
515.wav|There is the case where, whenever we want, quite secluded from sensuality, secluded from unskillful qualities, we enter & remain in the first jhāna:
516.wav|THE SIMILE OF THE SAW. KAKACŪPAMA SUTTA  MAJJHIMA NIKĀYA 21
517.wav|THE VAJJIAN PRINCELING. VAJJĪPUTTA SUTTA  SAṀYUTTA NIKĀYA 9:9
518.wav|There is the case, friends, where a monk, quite secluded from sensuality, secluded from unskillful qualities, enters & remains in the first jhāna:
519.wav|TO POTALIYA (EXCERPT). POTALIYA SUTTA  MAJJHIMA NIKĀYA 54
520.wav|Come out, good Licchavis!
521.wav|TO BHADDAJI. BHADDAJI SUTTA  AṄGUTTARA NIKĀYA 5:170
522.wav|Meanwhile, Rosika the barber was following right behind the Blessed One and said to him, 'Lord, an evil viewpoint to this effect has arisen to the brahman Lohicca:
523.wav|THE GREATER EXHORTATION TO RĀHULA. MAHĀ RĀHULOVĀDA SUTTA  MAJJHIMA NIKĀYA 62
524.wav|THERĪGĀTHĀ 5:11. PAṬĀCĀRĀ'S THIRTY STUDENTS
525.wav|Today, in the last watch of the night, between the twin Sal trees in Upavattana, the Mallans' Sal Forest near Kusinārā, the Tathāgata's total unbinding will occur.
526.wav|(BRAHMANS) OF SĀLA. SĀLEYYAKA SUTTA  MAJJHIMA NIKĀYA 41
527.wav|When this was said, Jāṇussoṇin the brahman said to the Blessed One, 'Magnificent, Master Gotama!
528.wav|TO VACCHA (ON GIVING). VACCHA SUTTA  AṄGUTTARA NIKĀYA 3:58
529.wav|THE BRAHMĀ INVITATION. BRAHMA-NIMANTANIKA SUTTA  MAJJHIMA NIKĀYA 49
530.wav|THE LONGER EXHORTATION TO MĀLUṄKYA. MAHĀ MĀLUṄKYOVĀDA SUTTA  MAJJHIMA NIKĀYA 64
531.wav|AN ANALYSIS OF THE SIX SENSE-MEDIA. SAḶĀYATANA-VIBHAṄGA SUTTA  MAJJHIMA NIKĀYA 137
532.wav|Deep, Vaccha, is this phenomenon, hard to see, hard to realize, tranquil, refined, beyond the scope of conjecture, subtle, to-be-experienced by the wise.
533.wav|THERĪGĀTHĀ 6:1. PAṬĀCĀRĀ'S 500 STUDENTS
534.wav|ABOUT AṄGULIMĀLA. AṄGULIMĀLA SUTTA  MAJJHIMA NIKĀYA 86
535.wav|THE GREAT SIX SENSE-MEDIA DISCOURSE. MAHĀ SAḶĀYATANIKA SUTTA  MAJJHIMA NIKĀYA 149
536.wav|The brahman Lohicca, with his own hand, served & satisfied the Blessed One & the Saṅgha of monks with choice staple & non-staple foods.
537.wav|He notices, 'I have gained the attainment of the first jhāna, but these other monks have not gained the attainment of the first jhāna.'
538.wav|UDĀNA 1:8. SAṄGĀMAJI (SAṄGĀMAJI SUTTA)
539.wav|AN ANALYSIS OF THE PROPERTIES. DHĀTU-VIBHAṄGA SUTTA  MAJJHIMA NIKĀYA 140
540.wav|THE TEACHING TO UPĀLI. UPĀLIVĀDA SUTTA  MAJJHIMA NIKĀYA 56
541.wav|Responding, 'As you say, sir,' to Prince Bodhi, the young brahman Sañjikāputta went to the Blessed One and, on arrival, exchanged courteous greetings with the Blessed One.
542.wav|Once the Blessed One was staying near Sāvatthī in Jeta's Grove, Anāthapiṇḍika's monastery.
543.wav|TWO PEOPLE (1). DVEJANA SUTTA  AṄGUTTARA NIKĀYA 3:52
544.wav|TWO PEOPLE (2). DVEJANA SUTTA  AṄGUTTARA NIKĀYA 3:53
545.wav|He makes known—having realized it through direct knowledge—this world with its devas, Māras, & Brahmās, this generation with its contemplatives & brahmans, its rulers & commonfolk;
546.wav|To whatever extent I want, quite secluded from sensuality, secluded from unskillful qualities, I enter & remain in the first jhāna:
547.wav|There is the case where a monk, quite secluded from sensuality, secluded from unskillful qualities, enters & remains in the first jhāna:
548.wav|Then Jīvaka Komārabhacca went to the Blessed One and, on arrival, having bowed down to the Blessed One, sat to one side.
549.wav|THE GREATER SET OF QUESTIONS & ANSWERS. MAHĀ VEDALLA SUTTA  MAJJHIMA NIKĀYA 43
550.wav|The thought occurs to him, 'What if I, with the stilling of directed thoughts & evaluations, were to enter & remain in the second jhāna:
551.wav|Quite secluded from sensuality, secluded from unskillful qualities—he enters & remains in the first jhāna:
552.wav|THERAGĀTHĀ 3:8. YASOJA
553.wav|SISTER VIJAYĀ. VIJAYĀ SUTTA  SAṀYUTTA NIKĀYA 5:4
554.wav|Then Venerable Bhaddaji went to Venerable Ānanda and exchanged courteous greetings with him.
555.wav|He saw Pilotika the wanderer coming from afar and, on seeing him, said to him, 'Now where is Master Vacchāyana coming from in the middle of the day?'
556.wav|Then the Licchavis snapped their fingers:
557.wav|There is the case where, whenever we want, with the stilling of directed thoughts & evaluations, we enter & remain in the second jhāna:
558.wav|WITH ASSALĀYANA. ASSALĀYANA SUTTA  MAJJHIMA NIKĀYA 93
559.wav|MUṆḌIKA THE CONTEMPLATIVE. SAMAṆA-MUṆḌIKA SUTTA  MAJJHIMA NIKĀYA 78
560.wav|He enters and remains in the third jhāna, and of him the noble ones declare, 'Equanimous & mindful, he has a pleasant abiding.'
561.wav|Wandering by stages, he went to where the Blessed One was staying in Jeta's Grove, Anāthapiṇḍika's monastery.
562.wav|With the abandoning of pleasure & pain—as with the earlier disappearance of elation & distress—he enters & remains in the fourth jhāna:
563.wav|You will enter & remain in the third jhāna, of which the noble ones declare, 'Equanimous & mindful, he has a pleasant abiding.'
564.wav|THE ESTABLISHING OF MINDFULNESS DISCOURSE. SATIPAṬṬHĀNA SUTTA  MAJJHIMA NIKĀYA 10
565.wav|NANDAKA'S EXHORTATION. NANDAKOVĀDA SUTTA  MAJJHIMA NIKĀYA 146
566.wav|And on that occasion Venerable Sāriputta & Venerable Mahā Moggallāna were staying near Rājagaha in a single dwelling in the Squirrels' Sanctuary.
567.wav|With the abandoning of pleasure & pain—as with the earlier disappearance of elation & distress—I entered & remained in the fourth jhāna:
568.wav|With the abandoning of pleasure & pain—as with the earlier disappearance of elation & distress—I enter & remain in the fourth jhāna:
569.wav|He enters & remains in the third jhāna, of which the noble ones declare, 'Equanimous & mindful, he has a pleasant abiding.'
570.wav|He enters and remains in the third jhāna, of which the noble ones declare, 'Equanimous & mindful, he has a pleasant abiding.'
571.wav|He enters & remains in the third jhāna, of which the noble ones declare, 'Equanimous & mindful, one has a pleasant abiding.'
572.wav|He enters & remains in the third jhāna, of which the noble ones declare, 'Equanimous & mindful, he has a pleasant abiding'…
573.wav|Gaze at the assembly of Licchavis!
574.wav|I entered & remained in the third jhāna, of which the noble ones declare, 'Equanimous & mindful, he has a pleasant abiding.'
575.wav|MENTAL ABSORPTION. JHĀNA SUTTA  AṄGUTTARA NIKĀYA 9:36
576.wav|TO CUNDA THE SILVERSMITH. CUNDA KAMMĀRAPUTTA SUTTA  AṄGUTTARA NIKĀYA 10:165
577.wav|AN ANALYSIS OF THE STATEMENT. UDDESA-VIBHAṄGA SUTTA  MAJJHIMA NIKĀYA 138
578.wav|TO THE FATALISTS' STUDENT. ĀJĪVAKA SUTTA  AṄGUTTARA NIKĀYA 3:73
579.wav|We enter & remain in the third jhāna, of which the noble ones declare, 'Equanimous & mindful, he has a pleasant abiding.'
580.wav|I enter & remain in the third jhāna, of which the noble ones declare, 'Equanimous & mindful, he has a pleasant abiding.'
581.wav|I enter & remain in the third jhāna, of which the noble ones declare, 'Equanimous & mindful, one has a pleasant abiding.'
582.wav|With the abandoning of pleasure & pain—as with the earlier disappearance of joy & distress—I enter & remain in the fourth jhāna:
583.wav|Then Jīvaka Komārabhacca went to the Blessed One and, on arrival, having bowed down to him, sat to one side.
584.wav|On one occasion Venerable Uttara was staying at Mahisavatthu [Water Buffalo Ground] on Saṅkheyyaka Mountain in Vaṭṭajālika.
585.wav|THE PRACTICE FOR ONE IN TRAINING. SEKHA-PAṬIPADĀ SUTTA  MAJJHIMA NIKĀYA 53
586.wav|THE GREATER DISCOURSE AT ASSAPURA. MAHĀ ASSAPURA SUTTA  MAJJHIMA NIKĀYA 39
587.wav|TO GAṆAKA MOGGALLĀNA. GAṆAKA MOGGALLĀNA SUTTA  MAJJHIMA NIKĀYA 107
588.wav|There he stayed in Thullakoṭṭhita in King Koravya's Migācīra (garden).
589.wav|THE GREAT ELEPHANT FOOTPRINT SIMILE. MAHĀ HATTHIPADOPAMA SUTTA  MAJJHIMA NIKĀYA 28
590.wav|SICK (CITTA THE HOUSEHOLDER'S LAST HOURS). GILĀNA SUTTA  SAṀYUTTA NIKĀYA 41:10
591.wav|UDĀNA 6:1. RELINQUISHMENT OF THE LIFE FORCE (ĀYUSAMA-OSAJJANA SUTTA)
592.wav|When this was said, the brahman Lohicca said to the Blessed One, 'But is there, Master Gotama, any teacher who is not worthy of criticism in the world?'
593.wav|TO MAṆICŪḶAKA. MAṆICŪḶAKA SUTTA  SAṀYUTTA NIKĀYA 42:10
594.wav|(BRAHMANS) OF THE WESTERN LAND. PACCHA-BHŪMIKA SUTTA  SAṀYUTTA NIKĀYA 42:6
595.wav|Varuṇas & Sahadhammas, Accutas & Anejakas,
596.wav|There is the case where, with the stilling of directed thoughts & evaluations, a monk enters & remains in the second jhāna:
597.wav|There is the case where a monk, with the stilling of directed thoughts & evaluations, enters & remains in the second jhāna:
598.wav|THE GREATER DISCOURSE ON EMPTINESS. MAHĀ SUÑÑATA SUTTA  MAJJHIMA NIKĀYA 122
599.wav|SETTING THE WHEEL OF DHAMMA IN MOTION. DHAMMACAKKAPPAVATTANA SUTTA  SAṀYUTTA NIKĀYA 56:11
600.wav|Yes.
601.wav|No.
602.wav|I see.
603.wav|Yes, lord.
604.wav|No, friend.
605.wav|Yes, sir.
606.wav|Please, sir.
607.wav|It is so.
608.wav|Indeed, yes.
609.wav|Welcome.
610.wav|Are you there?
611.wav|I agree.
612.wav|Excellent, monk.
613.wav|Wonderful, lord.
614.wav|Exactly.
615.wav|Very well.
616.wav|So be it.
617.wav|What is it?
618.wav|Who is there?
619.wav|Is it so?
620.wav|Not at all.
621.wav|Never.
622.wav|Always.
623.wav|I understand.
624.wav|Speak, monk.
625.wav|Listen, friend.
626.wav|Be mindful.
627.wav|Be heedful.
628.wav|Be alert.
629.wav|Mind released.
630.wav|Calmed mind.
631.wav|Mind stilled.
632.wav|Mind quiet.
633.wav|Unbound.
634.wav|Ceased.
635.wav|Inconstant.
636.wav|Not self.
637.wav|Stressful.
638.wav|Cessation.
639.wav|Unbinding.
640.wav|Sikhī.
641.wav|Channa.
642.wav|Jayasena.
643.wav|Bhūmija.
644.wav|Cundaka.
645.wav|Bhaggas.
646.wav|Nibbuti.
647.wav|Dhamma.
648.wav|Jhāna.
649.wav|Gotama.
650.wav|Ānanda.
651.wav|Saṅgha.
652.wav|Buddha.
653.wav|Yes, indeed.
654.wav|No, indeed.
655.wav|Certainly.
656.wav|Truly.
657.wav|Very good.
658.wav|Well done.
659.wav|Go now.
660.wav|Come back.
661.wav|Wait here.
662.wav|Look there.
663.wav|Who's there?
664.wav|Who is he?
665.wav|I am here.
666.wav|He is here.
667.wav|She is here.
668.wav|Speak now.
669.wav|Listen now.
670.wav|I am stilled.
671.wav|I am calmed.
672.wav|Peaceful.
673.wav|Quiet.
674.wav|Tranquil.
675.wav|Unbound now.
676.wav|Released now.
677.wav|Calm down.
678.wav|Stay mindful.
679.wav|Be quiet.
680.wav|Be stilled.
681.wav|All is stilled.
682.wav|All has ceased.
683.wav|This is peace.
684.wav|This is stilled.
685.wav|It has ceased.
686.wav|This is Unbinding.
687.wav|Peaceful mind.
688.wav|Wise disciple.
689.wav|Noble disciple.
690.wav|Honored teacher.
691.wav|Mind is released.
692.wav|Heart is calmed.
693.wav|Dhamma is taught.
694.wav|Sutta is read.
695.wav|I am listening.
696.wav|You are speaking.
697.wav|He is mindful.
698.wav|She is alert.
699.wav|All is quiet.
700.wav|Well, yes.
701.wav|Now, then.
702.wav|Oh, indeed.
703.wav|See, look.
704.wav|Look, see.
705.wav|Then a certain Vajjian monk approached him and, on arrival, having bowed down to him, sat to one side.
706.wav|Why, yes.
707.wav|The brahman householders of Venāgapura heard it said, 'Gotama the contemplative—the son of the Sakyans, having gone forth from the Sakyan clan—has arrived at Kesaputta.
708.wav|So, then.
709.wav|First, listen.
710.wav|Then, speak.
711.wav|Listen, monk.
712.wav|Speak, friend.
713.wav|No, thanks.
714.wav|Right, then.
715.wav|Yes, lord, it is.
716.wav|No, friend, indeed.
717.wav|Now, see this.
718.wav|Look, it is there.
719.wav|So, let it be.
720.wav|Thus, he spoke.
721.wav|There, he sat.
722.wav|Go, now.
723.wav|Come, see.
724.wav|Stay, listen.
725.wav|Wait, look.
726.wav|Here, indeed.
727.wav|Now, look.
728.wav|So, indeed.
729.wav|Then, look.
730.wav|Always mindful, always alert.
731.wav|Heedful, they prosper.
732.wav|Mindful, they wake.
733.wav|Stilled, they dwell.
734.wav|Released, they rejoice.
735.wav|Calmed, they sit.
736.wav|Tranquil, they stay.
737.wav|Peaceful, they live.
738.wav|Unbound, they wake.
739.wav|Ceased, all is quiet.
740.wav|Look, the moon.
741.wav|Look, the stars.
742.wav|Listen, the wind.
743.wav|Listen, the sound.
744.wav|Speak, wise one.
745.wav|Listen, disciple.
746.wav|No, it is not.
747.wav|Yes, it is so.
748.wav|This, indeed, is peace.
749.wav|That, indeed, is Unbinding.
750.wav|Indeed, it is stilled.
751.wav|Indeed, it has ceased.
752.wav|Yes, friend, indeed.
753.wav|No, lord, indeed.
754.wav|Well, let us go.
755.wav|Now, let us speak.
756.wav|Come, friend, see.
757.wav|Go, monk, now.
759.wav|Thus, it is.
760.wav|There, indeed, they dwell.
761.wav|Here, indeed, we stay.
762.wav|Look, they are gone.
763.wav|Look, he is here.
764.wav|Speak, I am listening.
765.wav|Listen, I am speaking.
766.wav|No, not that.
767.wav|Yes, just this.
768.wav|Always quiet, always stilled.
769.wav|Silently, they sit.
770.wav|Gently, they speak.
771.wav|Wise, they are.
772.wav|Noble, they live.
773.wav|Alert, they practice.
774.wav|Heedful, they strive.
775.wav|Released, they are safe.
776.wav|Calmed, they rest.
777.wav|Tranquil, they sleep.
778.wav|Unbound, they are free.
779.wav|Ceased, they are cool.
780.wav|Oh, I see now.
781.wav|Yes, I agree.
782.wav|No, I do not.
783.wav|Well, what of it?
784.wav|So, what is next?
785.wav|Now, what is this?
786.wav|Look, it is gone.
787.wav|See, it has ceased.
788.wav|Listen, it is quiet.
789.wav|Speak, noble teacher.
790.wav|Always alert, always mindful.
791.wav|Gently mindful, gently alert.
792.wav|Stilled mind, calmed mind.
793.wav|Tranquil mind, peaceful mind.
794.wav|Released mind, unbound mind.
795.wav|This is stilled, that is ceased.
796.wav|Here, we sit.
797.wav|There, we stay.
798.wav|Look, the teacher.
799.wav|Listen, the Dhamma.
800.wav|Practice this noble path.
801.wav|Passion is abandoned by the wise.
802.wav|Pain is inconstant and stressful.
803.wav|Pleasure is also inconstant.
804.wav|People seek pleasure in this world.
805.wav|Peace is found in Unbinding.
806.wav|Person is not self.
807.wav|Perception is inconstant.
808.wav|Pure is the mind of the arahant.
809.wav|Perfect is this training.
810.wav|Praise to the Blessed One.
811.wav|Practice mindfulness day and night.
812.wav|Passion leads to suffering.
813.wav|Pain arises from contact.
814.wav|Pleasure vanishes quickly.
815.wav|People cling to form.
816.wav|Peaceful is the forest.
817.wav|Perfect training leads to release.
818.wav|The body named Subhakiṇhā [Beautiful Black] was seen.
819.wav|The body named Vehapphalā [Sky-fruit] was there.
820.wav|Tell me the truth, friend.
821.wav|Tathāgata is the teacher of devas.
822.wav|Truth is noble and deep.
823.wav|Today we practice jhāna.
824.wav|Time is passing quickly.
825.wav|Two paths are declared.
826.wav|Three knowledges are attained.
827.wav|Ten factors are developed.
828.wav|Teacher spoke gently.
829.wav|Training is helpful.
830.wav|Tissa was a mindful monk.
831.wav|Tranquil is the mind.
832.wav|Tell the monks to gather.
833.wav|Tathāgata's last statement was heedfulness.
834.wav|Truth leads to release.
835.wav|Today is the uposatha.
836.wav|Three cravings are abandoned.
837.wav|Training rules are respected.
838.wav|The body named Abhibhū {Conqueror} was stilled.
839.wav|Tame the mind, friend.
840.wav|King Pasenadi Kosala was miserable.
841.wav|Kassapa lived in the forest.
842.wav|Kaccāna explained the brief statement.
843.wav|Kamma is the field.
844.wav|Kosala was a great land.
845.wav|Kālāmas heard the Gotama.
846.wav|Kapilavatthu was among the Sakyans.
847.wav|Knowledge of cessation is attained.
848.wav|King Pasenadi Kosala sat down.
849.wav|Kassapa was a three-knowledge man.
850.wav|Kaccāna was highly esteemed.
851.wav|Kamma is the seed of becoming.
852.wav|Kosala's queen had died.
853.wav|Kālāmas of Kesaputta heard the Dhamma.
854.wav|Kapilavatthu was beautiful.
855.wav|Knowledge arises in the concentrated mind.
856.wav|King sat down on his seat.
857.wav|Kassapa was peaceful.
858.wav|Kaccāna spoke the truth.
859.wav|Knowledge of Unbinding is supreme.
860.wav|Buddha taught the Dhamma.
861.wav|Brahmā Sahampati uttered a verse.
862.wav|Blessed One was staying near Sāvatthī.
863.wav|Body is like a clay jar.
864.wav|Birth is painful.
865.wav|Bondage of awareness is broken.
866.wav|Bārāṇasī is a great city.
867.wav|Bhaṇḍa is a quiet village.
868.wav|Bhaddiya exclaim what bliss.
869.wav|Buddha's bidding is done.
870.wav|Brahmā Sahampati bowed down.
871.wav|Blessed One was staying at Rājagaha.
872.wav|Body has ceased to grow.
873.wav|Birth has been destroyed.
874.wav|Bondage is ended.
875.wav|Bārāṇasī has been visited.
876.wav|Bhaṇḍa village is near.
877.wav|Bhaddiya was shaven.
878.wav|Buddha's words are stilled.
879.wav|Brahmā's mind is concentrated.
880.wav|Sutta was recited together.
881.wav|Sāriputta was extremely wise.
882.wav|Sāvatthī is where the Jeta's Grove is.
883.wav|Saṅgha of monks was large.
884.wav|Stress has been comprehended.
885.wav|Sāketa is a beautiful city.
886.wav|Samiddhi stayed in the forest.
887.wav|Sīha was a general.
888.wav|Sikhī was an ancient Buddha.
889.wav|Stilled is the mind.
890.wav|SUTTA NIPĀTA HAS DEEP TEACHINGS
891.wav|Sāriputta addressed the monks.
892.wav|Sāvatthī was a great place.
893.wav|Saṅgha is worthy of offerings.
894.wav|Stress arises from craving.
895.wav|Sāketa has been seen.
896.wav|Samiddhi was mindful.
897.wav|Sīha had conviction.
898.wav|Sikhī has stilled the mind.
899.wav|Stilled mind is peaceful.
900.wav|What do you think, friend?
901.wav|Is form constant or inconstant?
902.wav|Where is the Blessed One staying?
903.wav|Who is that monk?
904.wav|Why is there suffering?
905.wav|How is the mind released?
906.wav|Who is Kassapa?
907.wav|Is this the Dhamma?
908.wav|Do you understand, monk?
909.wav|Are you heedful, friend?
910.wav|Is feeling constant or inconstant?
911.wav|Is perception constant or inconstant?
912.wav|Are fabrications constant or inconstant?
913.wav|Is consciousness constant or inconstant?
914.wav|What is the cause of stress?
915.wav|What is the cessation of stress?
916.wav|Where does the Tathāgata go after death?
917.wav|Do you see that mountain (the Vulture Peak)?
918.wav|Is the mind concentrated?
919.wav|Is the mind concentrated (and stilled)?
920.wav|Why do you sit silent?
921.wav|What was said by Sāriputta?
922.wav|Who is the teacher of the cosmos?
923.wav|Is Unbinding the highest goal?
924.wav|Has the arrow been removed?
925.wav|Are the effluents ended?
926.wav|Is this your last birth?
927.wav|Who has crossed over the flood?
928.wav|Why are you miserable, king?
929.wav|Have you heard the True Dhamma?
930.wav|Is the body stilled?
931.wav|Is the mind stilled?
932.wav|Who is staying in Jeta's Grove?
933.wav|Where is Rājagaha?
934.wav|Who is the householder Nakula?
935.wav|Is the kamma the field?
936.wav|Is consciousness the seed?
937.wav|Is craving the moisture?
938.wav|Why do fools run amok?
939.wav|Is this the end of suffering?
940.wav|Have you seen the Beautiful Black Devas?
941.wav|Who is the King of Death?
942.wav|Is there any danger in heedlessness?
943.wav|Do you delight in seclusion?
944.wav|Why do you weep, friend?
945.wav|Who is the nun Puṇṇa?
946.wav|Is the forest quiet?
947.wav|Have the jhānas been attained?
948.wav|Do you revere the true Dhamma?
949.wav|Who has done the Teacher's bidding?
950.wav|Is the mind well-directed?
951.wav|Are the five hindrances abandoned?
952.wav|Who was Sikhī?
953.wav|Where is Channa?
954.wav|Who is Jayasena?
955.wav|Has Bhūmija arrived?
956.wav|Where is Cundaka?
957.wav|Are the Bhaggas prosperous?
958.wav|Have you attained nibbuti?
959.wav|Is this the ultimate peace?
960.wav|What bliss!
961.wav|How wonderful!
962.wav|Amazing, lord!
963.wav|Astounding, friend!
964.wav|Praise to the Blessed One!
965.wav|Look at the moon!
966.wav|Wake up, monks!
967.wav|Be heedful!
968.wav|Burst the darkness!
969.wav|This is the end of stress!
970.wav|What a beautiful forest!
971.wav|How stilled is the mind!
972.wav|Truly, the Buddha's bidding is done!
973.wav|So freed! So thoroughly freed am I!
974.wav|How exquisite is Unbinding!
975.wav|Praise to the Dhamma!
976.wav|Praise to the Saṅgha!
977.wav|Oh, how quiet!
978.wav|No more births!
979.wav|Let us go to the forest!
980.wav|Listen to the wise!
981.wav|Abandon all craving!
982.wav|Strive relentlessly!
983.wav|Rejoice in the Dhamma!
984.wav|Be alert, monks!
985.wav|See the Truth!
986.wav|Stay concentrated!
987.wav|Do not be heedless!
988.wav|What a great king!
989.wav|How peaceful is this night!
990.wav|Look at the stars!
991.wav|Sikhī has spoken!
992.wav|Channa is released!
993.wav|Jayasena is stilled!
994.wav|Bhūmija is calmed!
995.wav|Cundaka is quiet!
996.wav|Bhaggas are prosperous!
997.wav|Nibbuti is attained!
998.wav|This is the ultimate goal!
999.wav|May you be happy!
bench_23.wav|'There are the Devas of the Four Great Kings, the Devas of the Thirty-three, the Devas of the Hours, the Contented Devas, the 
bench_28.wav|'Magnificent, Master Kaccāna!
bench_46.wav|'Whether or not there is the arising of Tathāgatas, this property stands—this steadfastness of the Dhamma, this orderliness of the Dhamma: